code,name,time_key,open,close,high,low,pe_ratio,turnover_rate,volume,turnover,change_rate,last_close,symbol
SZ.002466,N/A,2023-08-30 00:00:00,58.99,59.39,59.94,58.57,3.796,0.01321,19474710,1154048072.58,1.192707445902203,58.69,SZ.002466
SZ.002466,N/A,2023-08-31 00:00:00,57.77,57.57,57.95,56.9,4.666,0.01807,26652258,1526152230.01,-3.0644889712072745,59.39,SZ.002466
SZ.002466,N/A,2023-09-01 00:00:00,57.29,57.47,57.72,57.03,4.657,0.00773,11399602,654449395.47,-0.17370158068438668,57.57,SZ.002466
SZ.002466,N/A,2023-09-04 00:00:00,57.63,59.4,60.33,57.18,4.814,0.02308,34037489,2009431556.07,3.358273882025404,57.47,SZ.002466
SZ.002466,N/A,2023-09-05 00:00:00,58.97,59.66,60.0,58.7,4.835,0.01401,20659464,1226345905.45,0.4377104377104344,59.4,SZ.002466
SZ.002466,N/A,2023-09-06 00:00:00,59.25,59.0,59.33,58.51,4.781,0.01002,14773399,869502831.27,-1.106268856855509,59.66,SZ.002466
SZ.002466,N/A,2023-09-07 00:00:00,58.63,57.3,58.75,57.26,4.644,0.01238,18251080,1054921388.01,-2.8813559322033946,59.0,SZ.002466
SZ.002466,N/A,2023-09-08 00:00:00,57.0,56.03,57.19,55.89,4.541,0.01142,16843093,948277845.9,-2.2164048865619477,57.3,SZ.002466
SZ.002466,N/A,2023-09-11 00:00:00,55.83,57.28,58.31,55.23,4.642,0.01511,22278437,1265353213.95,2.230947706585758,56.03,SZ.002466
SZ.002466,N/A,2023-09-12 00:00:00,57.58,58.63,60.5,57.38,4.751,0.02683,39575542,2337012484.55,2.356843575418997,57.28,SZ.002466
SZ.002466,N/A,2023-09-13 00:00:00,58.3,57.75,59.01,57.45,4.68,0.01148,16930340,984040975.13,-1.5009380863039443,58.63,SZ.002466
SZ.002466,N/A,2023-09-14 00:00:00,57.8,56.85,58.03,56.7,4.607,0.0101,14901450,850837704.95,-1.558441558441556,57.75,SZ.002466
SZ.002466,N/A,2023-09-15 00:00:00,57.09,56.1,57.25,55.82,4.546,0.01217,17949215,1009587921.87,-1.3192612137203166,56.85,SZ.002466
SZ.002466,N/A,2023-09-18 00:00:00,55.92,57.66,58.58,55.56,4.673,0.01812,26724605,1535151758.93,2.780748663101596,56.1,SZ.002466
SZ.002466,N/A,2023-09-19 00:00:00,57.1,56.33,57.35,56.12,4.565,0.01055,15559998,880857727.92,-2.3066250433576108,57.66,SZ.002466
SZ.002466,N/A,2023-09-20 00:00:00,56.0,55.31,56.26,54.78,4.482,0.01091,16083282,892764461.6,-1.8107580330196982,56.33,SZ.002466
SZ.002466,N/A,2023-09-21 00:00:00,55.01,54.5,55.58,54.2,4.417,0.0117,17252683,944228497.27,-1.4644729705297455,55.31,SZ.002466
SZ.002466,N/A,2023-09-22 00:00:00,54.75,55.85,56.14,54.5,4.526,0.01575,23233381,1286594077.13,2.4770642201834887,54.5,SZ.002466
SZ.002466,N/A,2023-09-25 00:00:00,55.47,55.15,55.65,54.73,4.469,0.00966,14251888,785344442.05,-1.2533572068039442,55.85,SZ.002466
SZ.002466,N/A,2023-09-26 00:00:00,55.07,54.01,55.28,54.0,4.377,0.01154,17024580,925203928.91,-2.0670897552130563,55.15,SZ.002466
SZ.002466,N/A,2023-09-27 00:00:00,53.66,54.61,55.66,53.38,4.426,0.01589,23434714,1280718777.95,1.1109053878911341,54.01,SZ.002466
SZ.002466,N/A,2023-09-28 00:00:00,54.62,54.93,56.23,54.62,4.452,0.01517,22365430,1237737960.7,0.5859732649697863,54.61,SZ.002466
SZ.002466,N/A,2023-10-09 00:00:00,54.3,54.16,54.48,53.31,4.389,0.01531,22583413,1215842114.53,-1.4017840888403479,54.93,SZ.002466
SZ.002466,N/A,2023-10-10 00:00:00,54.25,55.88,56.76,54.24,4.529,0.02649,39062011,2183139532.52,3.1757754800590954,54.16,SZ.002466
SZ.002466,N/A,2023-10-11 00:00:00,55.91,55.41,56.28,55.25,4.491,0.01425,21022412,1171316505.31,-0.8410880458124659,55.88,SZ.002466
SZ.002466,N/A,2023-10-12 00:00:00,56.4,59.28,59.63,56.07,4.804,0.0477,70340096,4082732758.31,6.984298863021124,55.41,SZ.002466
SZ.002466,N/A,2023-10-13 00:00:00,58.85,58.05,59.02,57.56,4.704,0.02433,35879737,2091211876.81,-2.0748987854251078,59.28,SZ.002466
SZ.002466,N/A,2023-10-16 00:00:00,58.29,55.82,58.29,55.6,4.524,0.01829,26976240,1523549532.72,-3.841515934539185,58.05,SZ.002466
SZ.002466,N/A,2023-10-17 00:00:00,55.82,55.9,56.44,55.38,4.53,0.01538,22676456,1268639411.45,0.14331780723754622,55.82,SZ.002466
SZ.002466,N/A,2023-10-18 00:00:00,55.55,54.26,55.55,54.11,4.397,0.01392,20527177,1121808236.7,-2.933810375670842,55.9,SZ.002466
SZ.002466,N/A,2023-10-19 00:00:00,53.5,52.7,54.52,52.69,4.271,0.01763,25993350,1387854741.09,-2.8750460744563124,54.26,SZ.002466
SZ.002466,N/A,2023-10-20 00:00:00,52.16,54.73,56.0,52.0,4.435,0.02967,43756852,2385020684.56,3.8519924098671607,52.7,SZ.002466
SZ.002466,N/A,2023-10-23 00:00:00,54.21,52.58,54.4,52.2,4.261,0.0165,24332644,1288559058.79,-3.9283756623424058,54.73,SZ.002466
SZ.002466,N/A,2023-10-24 00:00:00,52.7,53.39,54.6,52.58,4.327,0.01811,26712121,1430953260.34,1.5405096995055199,52.58,SZ.002466
SZ.002466,N/A,2023-10-25 00:00:00,53.91,52.9,54.33,52.82,4.287,0.01436,21182856,1131909119.66,-0.9177748642067839,53.39,SZ.002466
SZ.002466,N/A,2023-10-26 00:00:00,52.25,52.4,52.45,51.31,4.247,0.01752,25836959,1337132215.26,-0.945179584120983,52.9,SZ.002466
SZ.002466,N/A,2023-10-27 00:00:00,51.99,55.6,56.09,51.34,5.618,0.04039,59564672,3257464420.15,6.106870229007639,52.4,SZ.002466
SZ.002466,N/A,2023-10-30 00:00:00,54.8,55.9,56.27,54.68,5.648,0.01957,28862077,1609571864.47,0.5395683453237359,55.6,SZ.002466
SZ.002466,N/A,2023-10-31 00:00:00,55.2,55.0,55.53,54.44,5.557,0.01909,28158620,1544854422.04,-1.610017889087654,55.9,SZ.002466
SZ.002466,N/A,2023-11-01 00:00:00,54.89,53.61,54.89,53.21,5.417,0.01549,22844177,1229711364.42,-2.5272727272727282,55.0,SZ.002466
SZ.002466,N/A,2023-11-02 00:00:00,53.61,52.45,53.88,52.41,5.3,0.01403,20694351,1095376556.06,-2.163775415034502,53.61,SZ.002466
SZ.002466,N/A,2023-11-03 00:00:00,52.81,53.04,53.33,52.41,5.359,0.01289,19007204,1004783864.07,1.1248808388941778,52.45,SZ.002466
SZ.002466,N/A,2023-11-06 00:00:00,53.3,54.96,55.5,53.21,5.553,0.02568,37867079,2064300053.48,3.6199095022624466,53.04,SZ.002466
SZ.002466,N/A,2023-11-07 00:00:00,54.42,54.7,54.84,53.84,5.527,0.01476,21763319,1182698197.44,-0.47307132459970525,54.96,SZ.002466
SZ.002466,N/A,2023-11-08 00:00:00,54.5,54.8,55.32,54.24,5.537,0.01609,23735567,1302029550.24,0.18281535648993474,54.7,SZ.002466
SZ.002466,N/A,2023-11-09 00:00:00,54.6,55.09,55.88,54.5,5.566,0.01786,26340738,1454431801.52,0.5291970802919823,54.8,SZ.002466
SZ.002466,N/A,2023-11-10 00:00:00,54.6,54.66,55.5,54.21,5.523,0.01497,22081527,1210029734.14,-0.7805409330187091,55.09,SZ.002466
SZ.002466,N/A,2023-11-13 00:00:00,54.6,54.16,55.07,54.0,5.472,0.01142,16845086,915455858.48,-0.9147457006952069,54.66,SZ.002466
SZ.002466,N/A,2023-11-14 00:00:00,54.1,53.62,54.38,53.36,5.418,0.01253,18476643,993292156.42,-0.9970457902511063,54.16,SZ.002466
SZ.002466,N/A,2023-11-15 00:00:00,54.71,55.54,56.36,54.5,5.612,0.03714,54770713,3052688154.43,3.5807534502051506,53.62,SZ.002466
SZ.002466,N/A,2023-11-16 00:00:00,55.03,54.15,55.43,54.15,5.471,0.01883,27772095,1516952857.62,-2.5027007562117407,55.54,SZ.002466
SZ.002466,N/A,2023-11-17 00:00:00,53.63,54.11,54.12,53.51,5.467,0.0103,15194577,818199421.81,-0.07386888273314708,54.15,SZ.002466
SZ.002466,N/A,2023-11-20 00:00:00,54.5,54.06,54.66,53.6,5.462,0.01033,15228293,821346678.95,-0.09240436148585689,54.11,SZ.002466
SZ.002466,N/A,2023-11-21 00:00:00,54.3,53.61,54.85,53.54,5.417,0.01473,21717414,1176565681.91,-0.8324084350721473,54.06,SZ.002466
SZ.002466,N/A,2023-11-22 00:00:00,53.21,52.09,53.45,52.02,5.263,0.01979,29182413,1532876508.25,-2.8352919231486586,53.61,SZ.002466
SZ.002466,N/A,2023-11-23 00:00:00,52.18,52.37,52.37,51.53,5.292,0.01163,17147254,892190124.33,0.5375311960068996,52.09,SZ.002466
SZ.002466,N/A,2023-11-24 00:00:00,52.33,51.88,52.48,51.7,5.242,0.01056,15577169,809470086.13,-0.9356501814015561,52.37,SZ.002466
SZ.002466,N/A,2023-11-27 00:00:00,51.54,50.39,51.56,50.0,5.091,0.01801,26556960,1342974184.81,-2.8720123361603735,51.88,SZ.002466
SZ.002466,N/A,2023-11-28 00:00:00,50.2,50.42,50.5,49.68,5.094,0.01344,19816276,992873594.86,0.05953562214725369,50.39,SZ.002466
SZ.002466,N/A,2023-11-29 00:00:00,50.41,50.32,50.69,49.78,5.084,0.01095,16142727,808592044.14,-0.19833399444665095,50.42,SZ.002466
SZ.002466,N/A,2023-11-30 00:00:00,50.0,50.08,50.25,49.34,5.06,0.01046,15433212,769631697.64,-0.47694753577106913,50.32,SZ.002466
SZ.002466,N/A,2023-12-01 00:00:00,49.7,50.12,50.89,49.01,5.064,0.01639,24166859,1204849554.93,0.07987220447284175,50.08,SZ.002466
SZ.002466,N/A,2023-12-04 00:00:00,49.88,50.64,51.13,49.53,5.117,0.01561,23020138,1164894148.19,1.0375099760574684,50.12,SZ.002466
SZ.002466,N/A,2023-12-05 00:00:00,49.9,51.13,52.48,49.81,5.166,0.03132,46184060,2387180090.84,0.9676145339652488,50.64,SZ.002466
SZ.002466,N/A,2023-12-06 00:00:00,50.81,55.98,56.24,50.62,5.656,0.08112,119638955,6606741825.84,9.485624877762554,51.13,SZ.002466
SZ.002466,N/A,2023-12-07 00:00:00,54.7,56.23,57.1,54.43,5.682,0.05222,77017178,4293377931.35,0.44658806716684535,55.98,SZ.002466
SZ.002466,N/A,2023-12-08 00:00:00,57.02,55.6,57.35,55.19,5.618,0.03124,46070444,2572240991.79,-1.1203983638626986,56.23,SZ.002466
SZ.300662,N/A,2023-08-30 00:00:00,32.13,31.89,32.58,31.26,24.455,0.01106,2176900,69223305.0,-0.6851448146994671,32.11,SZ.300662
SZ.300662,N/A,2023-08-31 00:00:00,31.67,31.91,32.32,31.0,24.47,0.00911,1792500,56916993.0,0.06271558482282713,31.89,SZ.300662
SZ.300662,N/A,2023-09-01 00:00:00,31.71,31.64,32.25,31.5,24.263,0.0064,1260500,40040557.0,-0.8461297398934489,31.91,SZ.300662
SZ.300662,N/A,2023-09-04 00:00:00,32.08,33.09,33.39,31.9,25.375,0.01532,3015900,98731676.0,4.582806573957026,31.64,SZ.300662
SZ.300662,N/A,2023-09-05 00:00:00,33.0,33.97,34.19,32.89,26.05,0.0129,2538837,85795432.52,2.6594137201571333,33.09,SZ.300662
SZ.300662,N/A,2023-09-06 00:00:00,33.73,34.9,35.35,33.7,26.763,0.01166,2294700,79577915.0,2.7377097438916684,33.97,SZ.300662
SZ.300662,N/A,2023-09-07 00:00:00,35.16,33.91,35.2,33.8,26.004,0.00949,1868100,64015787.0,-2.836676217765049,34.9,SZ.300662
SZ.300662,N/A,2023-09-08 00:00:00,33.8,33.55,34.12,32.86,25.728,0.00613,1205999,40378257.42,-1.0616337363609538,33.91,SZ.300662
SZ.300662,N/A,2023-09-11 00:00:00,33.56,33.45,33.8,32.89,25.651,0.0075,1476065,49242116.6,-0.2980625931445434,33.55,SZ.300662
SZ.300662,N/A,2023-09-12 00:00:00,33.46,32.95,33.47,32.85,25.268,0.00401,788988,26091483.28,-1.4947683109118086,33.45,SZ.300662
SZ.300662,N/A,2023-09-13 00:00:00,32.68,32.54,33.28,32.26,24.953,0.00342,672900,21925259.0,-1.244309559939313,32.95,SZ.300662
SZ.300662,N/A,2023-09-14 00:00:00,32.38,32.35,32.6,31.88,24.808,0.00389,765800,24626729.0,-0.5838967424707981,32.54,SZ.300662
SZ.300662,N/A,2023-09-15 00:00:00,32.46,32.97,33.58,32.12,25.283,0.00644,1268400,41889574.0,1.9165378670788176,32.35,SZ.300662
SZ.300662,N/A,2023-09-18 00:00:00,33.15,34.6,34.8,32.75,26.533,0.01202,2365000,80558543.0,4.943888383378837,32.97,SZ.300662
SZ.300662,N/A,2023-09-19 00:00:00,34.65,33.35,34.77,32.9,25.575,0.00908,1786451,59681228.22,-3.61271676300578,34.6,SZ.300662
SZ.300662,N/A,2023-09-20 00:00:00,33.27,32.52,33.29,32.51,24.938,0.00415,817700,26769490.18,-2.4887556221889002,33.35,SZ.300662
SZ.300662,N/A,2023-09-21 00:00:00,32.36,31.89,32.8,31.55,24.455,0.00552,1086179,34811142.39,-1.9372693726937347,32.52,SZ.300662
SZ.300662,N/A,2023-09-22 00:00:00,31.89,32.8,32.97,31.67,25.153,0.0055,1082158,35087229.36,2.853559109438685,31.89,SZ.300662
SZ.300662,N/A,2023-09-25 00:00:00,32.9,32.09,32.9,32.0,24.608,0.00627,1234700,39951108.0,-2.1646341463414447,32.8,SZ.300662
SZ.300662,N/A,2023-09-26 00:00:00,32.0,31.86,32.38,31.69,24.432,0.00467,918300,29375117.0,-0.7167341851044062,32.09,SZ.300662
SZ.300662,N/A,2023-09-27 00:00:00,31.97,32.16,32.65,31.87,24.662,0.00595,1170538,37733188.7,0.9416195856873734,31.86,SZ.300662
SZ.300662,N/A,2023-09-28 00:00:00,32.16,31.61,32.85,31.33,24.24,0.00584,1148400,36413425.0,-1.7101990049751155,32.16,SZ.300662
SZ.300662,N/A,2023-10-09 00:00:00,31.65,32.43,32.53,31.08,24.869,0.00689,1355776,43210598.4,2.5941157861436266,31.61,SZ.300662
SZ.300662,N/A,2023-10-10 00:00:00,32.38,31.81,32.66,31.75,24.394,0.00544,1071600,34314231.0,-1.9118100524206014,32.43,SZ.300662
SZ.300662,N/A,2023-10-11 00:00:00,31.98,32.34,32.84,31.86,24.8,0.00524,1030900,33375508.0,1.66614272241435,31.81,SZ.300662
SZ.300662,N/A,2023-10-12 00:00:00,32.35,33.67,34.26,32.35,25.82,0.01234,2427988,81491047.97,4.112554112554107,32.34,SZ.300662
SZ.300662,N/A,2023-10-13 00:00:00,33.45,33.67,33.91,33.08,25.82,0.00551,1083800,36320291.0,0.0,33.67,SZ.300662
SZ.300662,N/A,2023-10-16 00:00:00,33.88,32.74,33.88,32.43,25.107,0.00622,1225000,40311424.0,-2.762102762102761,33.67,SZ.300662
SZ.300662,N/A,2023-10-17 00:00:00,32.7,33.21,33.3,32.7,25.467,0.00344,676500,22329721.0,1.435552840562,32.74,SZ.300662
SZ.300662,N/A,2023-10-18 00:00:00,33.27,32.17,33.27,31.92,24.67,0.00339,666500,21593680.04,-3.131586871424267,33.21,SZ.300662
SZ.300662,N/A,2023-10-19 00:00:00,31.99,32.52,33.1,31.65,24.938,0.00535,1053700,34299228.0,1.087970158532799,32.17,SZ.300662
SZ.300662,N/A,2023-10-20 00:00:00,32.34,31.54,33.09,31.33,24.187,0.00839,1650400,52506028.0,-3.013530135301365,32.52,SZ.300662
SZ.300662,N/A,2023-10-23 00:00:00,31.54,29.8,31.54,29.64,22.852,0.00832,1638200,49427284.0,-5.516804058338613,31.54,SZ.300662
SZ.300662,N/A,2023-10-24 00:00:00,30.07,30.39,30.58,29.45,23.305,0.00711,1399200,42230101.0,1.97986577181208,29.8,SZ.300662
SZ.300662,N/A,2023-10-25 00:00:00,30.92,30.15,31.43,29.82,23.121,0.0074,1455599,44464226.84,-0.789733464955584,30.39,SZ.300662
SZ.300662,N/A,2023-10-26 00:00:00,30.15,29.63,30.38,29.4,22.722,0.00603,1187200,35330825.0,-1.7247097844112755,30.15,SZ.300662
SZ.300662,N/A,2023-10-27 00:00:00,29.56,30.99,31.16,29.13,23.765,0.01083,2131700,64474678.0,4.589942625717177,29.63,SZ.300662
SZ.300662,N/A,2023-10-30 00:00:00,30.2,30.91,31.06,29.38,27.066,0.0136,2677176,80888217.84,-0.258147789609546,30.99,SZ.300662
SZ.300662,N/A,2023-10-31 00:00:00,30.79,30.17,30.9,29.93,26.418,0.0079,1555300,47051845.0,-2.39404723390488,30.91,SZ.300662
SZ.300662,N/A,2023-11-01 00:00:00,30.18,30.25,30.59,29.89,26.488,0.00619,1218000,36802485.0,0.26516407026847294,30.17,SZ.300662
SZ.300662,N/A,2023-11-02 00:00:00,30.8,29.97,30.8,29.78,26.243,0.00663,1304849,39202943.1,-0.9256198347107475,30.25,SZ.300662
SZ.300662,N/A,2023-11-03 00:00:00,29.92,30.62,30.94,29.88,26.812,0.00791,1556576,47585015.68,2.168835502168843,29.97,SZ.300662
SZ.300662,N/A,2023-11-06 00:00:00,30.6,31.46,31.62,30.6,27.548,0.01242,2443649,76473344.88,2.743305029392553,30.62,SZ.300662
SZ.300662,N/A,2023-11-07 00:00:00,31.61,31.33,31.61,30.19,27.434,0.01155,2273900,70218653.0,-0.41322314049587583,31.46,SZ.300662
SZ.300662,N/A,2023-11-08 00:00:00,31.69,31.24,31.81,31.1,27.355,0.00955,1880200,59009850.0,-0.28726460261729925,31.33,SZ.300662
SZ.300662,N/A,2023-11-09 00:00:00,31.15,30.67,31.3,30.38,26.856,0.0101,1987900,61034646.0,-1.8245838668373777,31.24,SZ.300662
SZ.300662,N/A,2023-11-10 00:00:00,30.51,30.37,30.52,29.93,26.593,0.00833,1639888,49555636.6,-0.9781545484186523,30.67,SZ.300662
SZ.300662,N/A,2023-11-13 00:00:00,30.49,30.16,30.7,29.8,26.409,0.00731,1439170,43438010.3,-0.6914718472176518,30.37,SZ.300662
SZ.300662,N/A,2023-11-14 00:00:00,30.16,30.69,30.77,30.03,26.873,0.01112,2188200,66647509.9,1.7572944297082265,30.16,SZ.300662
SZ.300662,N/A,2023-11-15 00:00:00,30.84,30.51,31.1,30.24,26.716,0.00887,1745171,53331890.59,-0.5865102639296178,30.69,SZ.300662
SZ.300662,N/A,2023-11-16 00:00:00,30.32,30.32,30.61,30.15,26.549,0.00628,1235200,37552615.0,-0.6227466404457597,30.51,SZ.300662
SZ.300662,N/A,2023-11-17 00:00:00,30.31,30.69,30.78,30.09,26.873,0.00613,1207200,36786023.0,1.2203166226912963,30.32,SZ.300662
SZ.300662,N/A,2023-11-20 00:00:00,30.66,30.65,30.97,30.33,26.838,0.01043,2052332,62760712.72,-0.13033561420659073,30.69,SZ.300662
SZ.300662,N/A,2023-11-21 00:00:00,30.46,30.79,31.24,30.46,26.961,0.01273,2505600,77427966.0,0.45676998368678823,30.65,SZ.300662
SZ.300662,N/A,2023-11-22 00:00:00,30.9,30.66,31.04,30.57,26.847,0.0085,1673500,51593281.0,-0.4222150048717083,30.79,SZ.300662
SZ.300662,N/A,2023-11-23 00:00:00,30.76,32.11,32.36,30.38,28.117,0.01819,3579100,113131531.0,4.729288975864316,30.66,SZ.300662
SZ.300662,N/A,2023-11-24 00:00:00,32.13,31.41,32.26,31.2,27.504,0.00887,1746400,55103892.0,-2.1800062285892223,32.11,SZ.300662
SZ.300662,N/A,2023-11-27 00:00:00,31.37,32.24,32.75,31.04,28.231,0.01552,3054306,97328869.3,2.642470550780012,31.41,SZ.300662
SZ.300662,N/A,2023-11-28 00:00:00,32.3,32.01,32.42,31.82,28.029,0.00891,1754208,56231120.44,-0.7133995037220966,32.24,SZ.300662
SZ.300662,N/A,2023-11-29 00:00:00,32.1,32.22,32.4,31.6,28.213,0.00751,1477376,47341203.8,0.6560449859418959,32.01,SZ.300662
SZ.300662,N/A,2023-11-30 00:00:00,31.81,32.83,32.99,31.62,28.747,0.01364,2684583,87528084.21,1.8932340161390424,32.22,SZ.300662
SZ.300662,N/A,2023-12-01 00:00:00,32.6,32.91,33.27,32.28,28.817,0.01056,2079183,67983512.99,0.24367956137678431,32.83,SZ.300662
SZ.300662,N/A,2023-12-04 00:00:00,32.95,32.6,32.95,31.95,28.546,0.00728,1432800,46354955.0,-0.9419629292008362,32.91,SZ.300662
SZ.300662,N/A,2023-12-05 00:00:00,32.55,32.52,32.87,32.2,28.476,0.00503,989424,32203682.27,-0.24539877300612972,32.6,SZ.300662
SZ.300662,N/A,2023-12-06 00:00:00,32.13,32.5,32.59,31.95,28.458,0.00512,1008500,32594089.0,-0.06150061500615967,32.52,SZ.300662
SZ.300662,N/A,2023-12-07 00:00:00,32.37,32.03,32.59,31.81,28.047,0.00526,1034292,33154736.64,-1.4461538461538426,32.5,SZ.300662
SZ.300662,N/A,2023-12-08 00:00:00,32.34,32.35,32.54,31.77,28.327,0.00605,1191400,38481759.0,0.999063378083048,32.03,SZ.300662
HK.01024,N/A,2023-08-30 00:00:00,69.3,64.95,69.6,64.45,0.0,0.0093,40491475,2681859511.0,-5.389657683903864,68.65,HK.01024
HK.01024,N/A,2023-08-31 00:00:00,65.8,64.2,66.4,63.8,0.0,0.00626,27263500,1764737845.0,-1.1547344110854503,64.95,HK.01024
HK.01024,N/A,2023-09-04 00:00:00,66.05,65.5,66.95,64.85,0.0,0.00849,36964735,2426400352.0,2.024922118380058,64.2,HK.01024
HK.01024,N/A,2023-09-05 00:00:00,65.1,65.0,65.9,64.6,0.0,0.00365,15876722,1035050017.0,-0.7633587786259541,65.5,HK.01024
HK.01024,N/A,2023-09-06 00:00:00,64.4,65.65,65.95,64.2,0.0,0.00416,18140835,1182265475.0,1.0000000000000087,65.0,HK.01024
HK.01024,N/A,2023-09-07 00:00:00,65.5,64.3,65.5,63.85,0.0,0.00275,11964159,772507252.0,-2.0563594821020694,65.65,HK.01024
HK.01024,N/A,2023-09-11 00:00:00,62.25,65.0,65.6,61.7,0.0,0.00487,21216283,1356739580.0,1.0886469673405956,64.3,HK.01024
HK.01024,N/A,2023-09-12 00:00:00,64.25,64.5,65.45,63.85,0.0,0.00218,9480935,613251778.0,-0.7692307692307693,65.0,HK.01024
HK.01024,N/A,2023-09-13 00:00:00,64.9,64.3,65.3,63.65,0.0,0.00222,9692343,624104484.0,-0.3100775193798494,64.5,HK.01024
HK.01024,N/A,2023-09-14 00:00:00,64.8,64.9,65.1,64.05,0.0,0.00175,7601768,491854046.0,0.9331259720062342,64.3,HK.01024
HK.01024,N/A,2023-09-15 00:00:00,65.65,65.15,65.75,63.75,0.0,0.00421,18336686,1193840159.0,0.38520801232665636,64.9,HK.01024
HK.01024,N/A,2023-09-18 00:00:00,64.15,63.7,64.95,63.5,0.0,0.00264,11506747,737376162.0,-2.225633154259406,65.15,HK.01024
HK.01024,N/A,2023-09-19 00:00:00,63.75,63.6,63.95,62.5,0.0,0.00274,11919251,754086145.0,-0.15698587127158778,63.7,HK.01024
HK.01024,N/A,2023-09-20 00:00:00,63.6,61.9,63.6,60.85,0.0,0.00461,20104436,1241304358.0,-2.6729559748427714,63.6,HK.01024
HK.01024,N/A,2023-09-21 00:00:00,60.85,60.4,60.85,59.4,0.0,0.00445,19381159,1163017940.0,-2.4232633279483036,61.9,HK.01024
HK.01024,N/A,2023-09-22 00:00:00,60.1,63.5,63.85,60.05,0.0,0.00495,21549317,1356322571.0,5.13245033112583,60.4,HK.01024
HK.01024,N/A,2023-09-25 00:00:00,63.5,61.85,63.5,61.6,0.0,0.00249,10853752,673712903.0,-2.5984251968503917,63.5,HK.01024
HK.01024,N/A,2023-09-26 00:00:00,61.9,61.0,61.9,60.35,0.0,0.00389,16951340,1032750765.0,-1.3742926434923224,61.85,HK.01024
HK.01024,N/A,2023-09-27 00:00:00,61.3,62.1,63.2,61.25,0.0,0.00279,12169352,759674968.0,1.8032786885245924,61.0,HK.01024
HK.01024,N/A,2023-09-28 00:00:00,62.05,62.05,62.6,61.35,0.0,0.00266,11583103,717777647.0,-0.08051529790660912,62.1,HK.01024
HK.01024,N/A,2023-09-29 00:00:00,62.85,62.85,63.6,61.85,0.0,0.00175,7633954,480676376.0,1.289282836422247,62.05,HK.01024
HK.01024,N/A,2023-10-03 00:00:00,61.85,62.6,62.85,61.05,0.0,0.0015,6522399,405783441.0,-0.3977724741447892,62.85,HK.01024
HK.01024,N/A,2023-10-04 00:00:00,62.6,61.25,62.6,61.1,0.0,0.00107,4654460,285820233.0,-2.1565495207667755,62.6,HK.01024
HK.01024,N/A,2023-10-05 00:00:00,61.4,60.85,62.05,60.85,0.0,0.00112,4873185,298527633.0,-0.6530612244897936,61.25,HK.01024
HK.01024,N/A,2023-10-06 00:00:00,62.0,61.9,62.4,61.15,0.0,0.00103,4465494,276695070.0,1.7255546425636765,60.85,HK.01024
HK.01024,N/A,2023-10-09 00:00:00,61.15,62.5,63.2,61.15,0.0,0.00122,5307805,331592137.0,0.9693053311793239,61.9,HK.01024
HK.01024,N/A,2023-10-10 00:00:00,63.4,63.9,65.1,63.25,0.0,0.00347,15109359,972787950.0,2.239999999999998,62.5,HK.01024
HK.01024,N/A,2023-10-11 00:00:00,65.1,64.35,65.4,63.2,0.0,0.00331,14405731,929032552.0,0.7042253521126693,63.9,HK.01024
HK.01024,N/A,2023-10-12 00:00:00,65.0,65.0,65.7,64.6,0.0,0.00375,16348983,1064052421.0,1.010101010101019,64.35,HK.01024
HK.01024,N/A,2023-10-13 00:00:00,63.15,63.4,65.0,63.05,0.0,0.00302,13135841,837041961.0,-2.4615384615384635,65.0,HK.01024
HK.01024,N/A,2023-10-16 00:00:00,63.1,62.45,63.8,61.8,0.0,0.00325,14135644,881029805.0,-1.4984227129337473,63.4,HK.01024
HK.01024,N/A,2023-10-17 00:00:00,63.35,61.55,63.45,61.0,0.0,0.004,17405300,1073056615.0,-1.4411529223378794,62.45,HK.01024
HK.01024,N/A,2023-10-18 00:00:00,61.05,56.05,61.55,55.75,0.0,0.00995,43349735,2493524510.0,-8.935824532900082,61.55,HK.01024
HK.01024,N/A,2023-10-19 00:00:00,55.5,56.1,57.55,54.8,0.0,0.00602,26202047,1474452371.0,0.08920606601249646,56.05,HK.01024
HK.01024,N/A,2023-10-20 00:00:00,55.5,56.55,57.25,55.3,0.0,0.00387,16838915,954962952.0,0.8021390374331475,56.1,HK.01024
HK.01024,N/A,2023-10-24 00:00:00,56.55,53.65,56.85,52.55,0.0,0.00692,30150569,1624446087.0,-5.128205128205126,56.55,HK.01024
HK.01024,N/A,2023-10-25 00:00:00,56.25,51.55,56.85,50.5,0.0,0.00975,42431094,2243180341.0,-3.9142590866728826,53.65,HK.01024
HK.01024,N/A,2023-10-26 00:00:00,51.55,52.15,53.15,50.8,0.0,0.00436,19002720,983663060.0,1.1639185257032036,51.55,HK.01024
HK.01024,N/A,2023-10-27 00:00:00,52.4,51.95,52.7,51.05,0.0,0.00417,18144562,941787103.0,-0.3835091083413149,52.15,HK.01024
HK.01024,N/A,2023-10-30 00:00:00,51.35,50.0,52.0,49.45,0.0,0.0088,38307518,1920421986.0,-3.753609239653518,51.95,HK.01024
HK.01024,N/A,2023-10-31 00:00:00,50.15,50.35,50.65,49.6,0.0,0.00392,17078182,857154208.0,0.7000000000000028,50.0,HK.01024
HK.01024,N/A,2023-11-01 00:00:00,50.6,51.35,51.75,50.4,0.0,0.00355,15452918,790870581.0,1.9860973187686197,50.35,HK.01024
HK.01024,N/A,2023-11-02 00:00:00,51.95,51.8,52.95,51.45,0.0,0.00345,15002820,782243457.0,0.8763388510223871,51.35,HK.01024
HK.01024,N/A,2023-11-03 00:00:00,52.3,54.8,55.2,52.1,0.0,0.00545,23751041,1285829621.0,5.7915057915057915,51.8,HK.01024
HK.01024,N/A,2023-11-06 00:00:00,57.5,58.7,58.8,56.75,0.0,0.00707,30772800,1783528252.0,7.116788321167894,54.8,HK.01024
HK.01024,N/A,2023-11-07 00:00:00,57.5,57.85,58.15,56.65,0.0,0.00376,16361977,942251462.0,-1.4480408858603089,58.7,HK.01024
HK.01024,N/A,2023-11-08 00:00:00,58.0,57.4,59.25,57.15,0.0,0.00408,17770813,1034580948.0,-0.7778738115816817,57.85,HK.01024
HK.01024,N/A,2023-11-09 00:00:00,58.0,57.45,58.2,57.0,0.0,0.0018,7855507,451548233.0,0.08710801393728966,57.4,HK.01024
HK.01024,N/A,2023-11-10 00:00:00,56.85,54.6,56.85,54.3,0.0,0.00418,18208011,1001013870.0,-4.960835509138383,57.45,HK.01024
HK.01024,N/A,2023-11-13 00:00:00,55.2,57.25,57.35,55.0,0.0,0.00409,17802703,1000592703.0,4.8534798534798504,54.6,HK.01024
HK.01024,N/A,2023-11-14 00:00:00,57.85,56.4,57.95,55.55,0.0,0.00303,13214219,746046534.0,-1.4847161572052427,57.25,HK.01024
HK.01024,N/A,2023-11-15 00:00:00,58.95,58.25,58.95,57.0,0.0,0.00586,25526210,1480541083.0,3.280141843971634,56.4,HK.01024
HK.01024,N/A,2023-11-16 00:00:00,61.0,60.0,61.0,59.05,0.0,0.00804,35007149,2102789808.0,3.004291845493562,58.25,HK.01024
HK.01024,N/A,2023-11-17 00:00:00,58.65,58.6,59.7,58.3,0.0,0.00434,18913638,1113821864.0,-2.333333333333331,60.0,HK.01024
HK.01024,N/A,2023-11-20 00:00:00,59.35,60.1,60.5,58.1,0.0,0.00421,18347726,1097858814.0,2.5597269624573378,58.6,HK.01024
HK.01024,N/A,2023-11-21 00:00:00,60.8,58.5,62.25,58.05,0.0,0.00692,30133813,1810423196.0,-2.6622296173044946,60.1,HK.01024
HK.01024,N/A,2023-11-22 00:00:00,58.75,60.2,61.65,58.5,0.0,0.00683,29757654,1792632034.0,2.9059829059829108,58.5,HK.01024
HK.01024,N/A,2023-11-23 00:00:00,60.2,60.7,60.9,59.55,0.0,0.00274,11945465,721472756.0,0.830564784053156,60.2,HK.01024
HK.01024,N/A,2023-11-24 00:00:00,60.7,59.25,60.7,59.15,0.0,0.00221,9615943,574598811.0,-2.3887973640856717,60.7,HK.01024
HK.01024,N/A,2023-11-27 00:00:00,59.95,58.6,60.05,57.6,0.0,0.00261,11362068,663235246.0,-1.0970464135021074,59.25,HK.01024
HK.01024,N/A,2023-11-28 00:00:00,59.05,56.3,59.05,55.6,0.0,0.00634,27637361,1560056631.0,-3.924914675767925,58.6,HK.01024
HK.01024,N/A,2023-11-29 00:00:00,56.85,56.95,57.15,54.9,0.0,0.00451,19634801,1107852326.0,1.1545293072824259,56.3,HK.01024
HK.01024,N/A,2023-11-30 00:00:00,57.2,57.7,58.0,56.1,0.0,0.00391,17042743,979171130.0,1.3169446883230902,56.95,HK.01024
HK.01024,N/A,2023-12-01 00:00:00,57.7,57.2,57.95,56.3,0.0,0.00614,26761931,1531869046.0,-0.8665511265164645,57.7,HK.01024
HK.01024,N/A,2023-12-04 00:00:00,57.0,54.95,57.2,54.5,0.0,0.00489,21292293,1180116134.0,-3.9335664335664338,57.2,HK.01024
HK.01024,N/A,2023-12-05 00:00:00,54.9,53.95,54.9,53.05,0.0,0.00391,17049447,915486002.0,-1.8198362147406733,54.95,HK.01024
HK.01024,N/A,2023-12-06 00:00:00,54.0,55.15,55.45,53.0,0.0,0.00353,15397659,839450704.0,2.2242817423540235,53.95,HK.01024
HK.01024,N/A,2023-12-07 00:00:00,54.9,54.15,54.9,53.1,0.0,0.00369,16068117,864560197.0,-1.813236627379873,55.15,HK.01024
HK.01024,N/A,2023-12-08 00:00:00,54.5,53.85,55.15,53.05,0.0,0.00359,15639290,840322470.0,-0.5540166204986098,54.15,HK.01024
SH.600570,N/A,2023-08-30 00:00:00,35.73,35.98,36.34,35.56,41.837,0.01391,26422192,951718290.0,0.8408071748878844,35.68,SH.600570
SH.600570,N/A,2023-08-31 00:00:00,35.99,36.0,36.58,35.75,41.86,0.01223,23242413,841052176.0,0.0555864369094028,35.98,SH.600570
SH.600570,N/A,2023-09-01 00:00:00,36.04,36.17,36.7,35.93,42.058,0.00922,17523662,635684740.0,0.472222222222227,36.0,SH.600570
SH.600570,N/A,2023-09-04 00:00:00,36.35,36.23,36.4,35.5,42.127,0.0117,22238408,800351565.0,0.16588332872544972,36.17,SH.600570
SH.600570,N/A,2023-09-05 00:00:00,36.06,35.44,36.13,35.44,41.209,0.01042,19802837,706388053.0,-2.1805133866961057,36.23,SH.600570
SH.600570,N/A,2023-09-06 00:00:00,35.2,35.13,35.3,34.82,40.848,0.00799,15190231,532935643.0,-0.874717832957097,35.44,SH.600570
SH.600570,N/A,2023-09-07 00:00:00,35.17,34.23,35.17,34.09,39.802,0.00995,18896151,651278819.0,-2.5619128949615875,35.13,SH.600570
SH.600570,N/A,2023-09-08 00:00:00,34.03,33.98,34.3,33.58,39.511,0.00633,12030572,407303970.0,-0.7303534910896875,34.23,SH.600570
SH.600570,N/A,2023-09-11 00:00:00,34.0,34.18,34.55,33.7,39.744,0.01156,21972470,748851167.0,0.5885815185403263,33.98,SH.600570
SH.600570,N/A,2023-09-12 00:00:00,33.98,33.61,34.1,33.6,39.081,0.00894,16977716,574004091.0,-1.6676418958455244,34.18,SH.600570
SH.600570,N/A,2023-09-13 00:00:00,33.6,32.89,33.67,32.5,38.244,0.01127,21418558,705522274.0,-2.1422195775066912,33.61,SH.600570
SH.600570,N/A,2023-09-14 00:00:00,33.08,32.24,33.1,32.01,37.488,0.00897,17039142,552494343.0,-1.9762845849802326,32.89,SH.600570
SH.600570,N/A,2023-09-15 00:00:00,32.3,32.1,32.7,31.9,37.325,0.01043,19823102,638993298.0,-0.4342431761786618,32.24,SH.600570
SH.600570,N/A,2023-09-18 00:00:00,32.35,32.68,33.1,32.18,38.0,0.01217,23127231,757409915.0,1.8068535825545118,32.1,SH.600570
SH.600570,N/A,2023-09-19 00:00:00,32.72,32.04,32.85,31.94,37.255,0.00912,17326858,557462680.0,-1.9583843329253385,32.68,SH.600570
SH.600570,N/A,2023-09-20 00:00:00,32.04,32.06,32.83,32.0,37.279,0.00808,15356496,496806776.0,0.06242197253434184,32.04,SH.600570
SH.600570,N/A,2023-09-21 00:00:00,32.0,32.15,32.42,31.73,37.383,0.00792,15046834,484048984.0,0.28072364316904647,32.06,SH.600570
SH.600570,N/A,2023-09-22 00:00:00,32.0,32.82,32.93,31.93,38.162,0.01445,27461934,895834584.0,2.0839813374805654,32.15,SH.600570
SH.600570,N/A,2023-09-25 00:00:00,32.95,32.43,32.98,32.15,37.709,0.01152,21885749,708127366.0,-1.1882998171846453,32.82,SH.600570
SH.600570,N/A,2023-09-26 00:00:00,32.44,32.61,33.08,32.31,37.918,0.00942,17898849,585434993.0,0.5550416281221082,32.43,SH.600570
SH.600570,N/A,2023-09-27 00:00:00,32.41,32.48,32.76,32.26,37.767,0.00803,15253972,495241897.0,-0.398650720637849,32.61,SH.600570
SH.600570,N/A,2023-09-28 00:00:00,32.54,32.45,32.59,32.18,37.732,0.00795,15114088,489038399.0,-0.09236453201968606,32.48,SH.600570
SH.600570,N/A,2023-10-09 00:00:00,32.38,31.93,32.39,31.81,37.127,0.01004,19069952,609896212.0,-1.6024653312789,32.45,SH.600570
SH.600570,N/A,2023-10-10 00:00:00,31.97,31.82,32.62,31.81,37.0,0.01178,22387042,719015364.0,-0.3445036016285607,31.93,SH.600570
SH.600570,N/A,2023-10-11 00:00:00,32.06,32.43,32.89,31.71,37.709,0.01469,27902117,906298542.0,1.917033312382148,31.82,SH.600570
SH.600570,N/A,2023-10-12 00:00:00,33.08,32.36,33.1,32.18,37.627,0.01185,22508246,731576522.0,-0.21584952204748778,32.43,SH.600570
SH.600570,N/A,2023-10-13 00:00:00,32.1,31.81,32.11,31.39,36.988,0.01212,23023835,728561010.0,-1.6996291718170604,32.36,SH.600570
SH.600570,N/A,2023-10-16 00:00:00,31.78,31.11,31.78,30.99,36.174,0.00904,17185351,536962555.0,-2.200565859792516,31.81,SH.600570
SH.600570,N/A,2023-10-17 00:00:00,31.29,31.49,31.72,31.1,36.616,0.00805,15292730,480645107.0,1.221472195435548,31.11,SH.600570
SH.600570,N/A,2023-10-18 00:00:00,31.14,30.93,31.26,30.4,35.965,0.00972,18473975,570351027.0,-1.778342330898694,31.49,SH.600570
SH.600570,N/A,2023-10-19 00:00:00,30.59,30.51,31.21,30.48,35.476,0.00908,17247241,531225366.0,-1.3579049466537283,30.93,SH.600570
SH.600570,N/A,2023-10-20 00:00:00,30.4,29.92,30.58,29.77,34.79,0.01022,19408841,583463211.0,-1.9337921992789244,30.51,SH.600570
SH.600570,N/A,2023-10-23 00:00:00,29.8,29.8,30.3,29.46,34.651,0.00913,17343950,517589538.0,-0.40106951871658086,29.92,SH.600570
SH.600570,N/A,2023-10-24 00:00:00,29.8,30.7,30.93,29.42,35.697,0.0172,32688334,992425488.0,3.020134228187915,29.8,SH.600570
SH.600570,N/A,2023-10-25 00:00:00,30.95,30.86,31.54,30.65,35.883,0.01358,25806330,801685128.0,0.5211726384364825,30.7,SH.600570
SH.600570,N/A,2023-10-26 00:00:00,30.71,30.56,30.99,30.2,35.534,0.01025,19475612,593710568.0,-0.9721322099805597,30.86,SH.600570
SH.600570,N/A,2023-10-27 00:00:00,30.67,31.13,31.26,29.9,35.056,0.01655,31441137,961790291.0,1.8651832460732993,30.56,SH.600570
SH.600570,N/A,2023-10-30 00:00:00,30.86,31.68,32.0,30.8,35.675,0.01575,29933427,945214620.0,1.7667844522968223,31.13,SH.600570
SH.600570,N/A,2023-10-31 00:00:00,31.81,31.12,31.87,30.84,35.045,0.01147,21796383,679378638.0,-1.7676767676767637,31.68,SH.600570
SH.600570,N/A,2023-11-01 00:00:00,31.43,30.8,31.45,30.75,34.684,0.00896,17018107,527927567.0,-1.0282776349614406,31.12,SH.600570
SH.600570,N/A,2023-11-02 00:00:00,30.86,30.3,31.22,30.29,34.121,0.00854,16224519,497833434.0,-1.6233766233766231,30.8,SH.600570
SH.600570,N/A,2023-11-03 00:00:00,30.41,31.3,31.5,30.32,35.247,0.01469,27920408,870157269.0,3.3003300330033,30.3,SH.600570
SH.600570,N/A,2023-11-06 00:00:00,31.73,32.55,32.76,31.65,36.655,0.02096,39820198,1289885198.0,3.993610223642161,31.3,SH.600570
SH.600570,N/A,2023-11-07 00:00:00,32.46,32.64,32.78,32.15,36.756,0.01171,22245724,723542475.0,0.2764976958525451,32.55,SH.600570
SH.600570,N/A,2023-11-08 00:00:00,32.68,32.76,33.24,32.32,36.891,0.01334,25351949,830898662.0,0.36764705882352156,32.64,SH.600570
SH.600570,N/A,2023-11-09 00:00:00,32.69,32.63,32.88,32.4,36.745,0.00825,15668884,511485701.0,-0.3968253968253829,32.76,SH.600570
SH.600570,N/A,2023-11-10 00:00:00,32.51,32.6,32.83,32.23,36.711,0.01018,19336887,630154309.0,-0.09193993257738625,32.63,SH.600570
SH.600570,N/A,2023-11-13 00:00:00,33.33,33.42,34.07,33.0,37.635,0.01911,36305130,1221722047.0,2.515337423312884,32.6,SH.600570
SH.600570,N/A,2023-11-14 00:00:00,33.31,33.8,34.08,33.11,38.063,0.01445,27454035,927183688.0,1.1370436864153064,33.42,SH.600570
SH.600570,N/A,2023-11-15 00:00:00,34.21,33.5,34.34,33.44,37.725,0.01266,24049048,813630374.0,-0.8875739644970331,33.8,SH.600570
SH.600570,N/A,2023-11-16 00:00:00,33.35,33.15,33.77,33.12,37.331,0.00829,15753323,526335592.0,-1.0447761194029892,33.5,SH.600570
SH.600570,N/A,2023-11-17 00:00:00,32.9,32.5,33.41,32.35,36.599,0.01583,30080536,981785919.0,-1.960784313725486,33.15,SH.600570
SH.600570,N/A,2023-11-20 00:00:00,32.5,32.76,33.1,32.1,36.891,0.01251,23775974,774430652.0,0.7999999999999939,32.5,SH.600570
SH.600570,N/A,2023-11-21 00:00:00,32.88,32.45,33.04,32.32,36.542,0.00842,16002672,523142480.0,-0.9462759462759316,32.76,SH.600570
SH.600570,N/A,2023-11-22 00:00:00,32.3,31.96,32.66,31.88,35.99,0.00741,14084251,452614634.0,-1.510015408320499,32.45,SH.600570
SH.600570,N/A,2023-11-23 00:00:00,31.82,31.84,31.98,31.21,35.855,0.0087,16521114,522071776.0,-0.37546933667084165,31.96,SH.600570
SH.600570,N/A,2023-11-24 00:00:00,31.85,31.13,31.85,31.07,35.056,0.00796,15131781,473245682.0,-2.2298994974874398,31.84,SH.600570
SH.600570,N/A,2023-11-27 00:00:00,31.05,30.8,31.19,30.61,34.684,0.00671,12743175,393216883.0,-1.0600706713780863,31.13,SH.600570
SH.600570,N/A,2023-11-28 00:00:00,30.79,30.84,31.03,30.52,34.729,0.00595,11308551,348232778.0,0.12987012987012708,30.8,SH.600570
SH.600570,N/A,2023-11-29 00:00:00,30.84,30.35,30.98,30.3,34.177,0.00705,13396144,409336082.0,-1.58884565499351,30.84,SH.600570
SH.600570,N/A,2023-11-30 00:00:00,30.31,30.03,30.5,29.84,33.817,0.00703,13359883,402284888.0,-1.0543657331136747,30.35,SH.600570
SH.600570,N/A,2023-12-01 00:00:00,30.02,30.76,30.92,29.94,34.639,0.00983,18677952,567871098.0,2.430902430902432,30.03,SH.600570
SH.600570,N/A,2023-12-04 00:00:00,30.61,30.58,30.86,30.41,34.436,0.00899,17071708,522299785.0,-0.5851755526658103,30.76,SH.600570
SH.600570,N/A,2023-12-05 00:00:00,30.49,29.39,30.5,29.39,33.096,0.01257,23884797,711773352.0,-3.8914323086984886,30.58,SH.600570
SH.600570,N/A,2023-12-06 00:00:00,29.4,29.14,29.5,28.73,32.815,0.0135,25641271,746778043.0,-0.8506294658046955,29.39,SH.600570
SH.600570,N/A,2023-12-07 00:00:00,29.1,29.14,29.37,28.7,32.815,0.01056,20065763,582770991.0,0.0,29.14,SH.600570
SH.600570,N/A,2023-12-08 00:00:00,29.07,29.46,29.74,29.04,33.175,0.01175,22322371,657451683.0,1.098146877144819,29.14,SH.600570
SZ.002281,N/A,2023-08-30 00:00:00,27.4,27.85,28.31,27.1,41.259,0.03077,20951706,582843686.16,1.3464337700145597,27.48,SZ.002281
SZ.002281,N/A,2023-08-31 00:00:00,27.61,28.03,28.17,27.33,41.525,0.02971,20226962,564184169.13,0.6463195691202862,27.85,SZ.002281
SZ.002281,N/A,2023-09-01 00:00:00,27.79,27.41,28.07,27.29,40.607,0.01787,12163622,335362710.62,-2.211915804495187,28.03,SZ.002281
SZ.002281,N/A,2023-09-04 00:00:00,27.6,28.16,28.41,27.35,41.718,0.02944,20044171,558700430.09,2.7362276541408246,27.41,SZ.002281
SZ.002281,N/A,2023-09-05 00:00:00,28.16,27.73,28.16,27.4,41.081,0.02293,15608550,432819708.22,-1.5269886363636354,28.16,SZ.002281
SZ.002281,N/A,2023-09-06 00:00:00,27.6,27.95,27.99,27.21,41.407,0.02207,15028196,415198299.25,0.7933645870897904,27.73,SZ.002281
SZ.002281,N/A,2023-09-07 00:00:00,27.85,27.35,28.07,27.27,40.518,0.02295,15621559,430116824.1,-2.146690518783535,27.95,SZ.002281
SZ.002281,N/A,2023-09-08 00:00:00,27.2,27.19,27.45,26.76,40.281,0.01641,11169357,303285370.86,-0.585009140767825,27.35,SZ.002281
SZ.002281,N/A,2023-09-11 00:00:00,27.29,28.95,29.44,27.17,42.888,0.06127,41713889,1188117548.47,6.472968002942251,27.19,SZ.002281
SZ.002281,N/A,2023-09-12 00:00:00,28.8,31.85,31.85,28.55,47.185,0.07384,50268337,1555512426.63,10.017271157167539,28.95,SZ.002281
SZ.002281,N/A,2023-09-13 00:00:00,32.0,31.8,33.48,31.62,47.111,0.13215,89968230,2913049374.86,-0.15698587127158778,31.85,SZ.002281
SZ.002281,N/A,2023-09-14 00:00:00,31.29,32.24,33.38,31.26,47.762,0.0956,65086202,2103551615.39,1.3836477987421425,31.8,SZ.002281
SZ.002281,N/A,2023-09-15 00:00:00,31.64,30.06,32.12,29.86,44.533,0.08699,59222129,1826307508.94,-6.761786600496287,32.24,SZ.002281
SZ.002281,N/A,2023-09-18 00:00:00,30.18,30.13,31.35,29.9,44.637,0.05519,37574970,1142961877.59,0.23286759813706015,30.06,SZ.002281
SZ.002281,N/A,2023-09-19 00:00:00,29.5,28.19,29.65,27.31,41.762,0.06317,43006645,1219454748.62,-6.438765350149346,30.13,SZ.002281
SZ.002281,N/A,2023-09-20 00:00:00,28.09,28.74,29.98,28.02,42.577,0.06478,44105736,1284671787.52,1.9510464703795571,28.19,SZ.002281
SZ.002281,N/A,2023-09-21 00:00:00,28.32,28.38,29.37,28.16,42.044,0.04786,32587311,936033235.77,-1.2526096033402905,28.74,SZ.002281
SZ.002281,N/A,2023-09-22 00:00:00,28.01,31.22,31.22,27.95,46.251,0.05429,36959296,1105453945.67,10.007047216349543,28.38,SZ.002281
SZ.002281,N/A,2023-09-25 00:00:00,32.5,33.08,34.3,32.25,49.007,0.15564,105965937,3512076373.35,5.9577194106342075,31.22,SZ.002281
SZ.002281,N/A,2023-09-26 00:00:00,33.15,32.41,33.61,31.99,48.014,0.10203,69464629,2272872437.09,-2.025392986698917,33.08,SZ.002281
SZ.002281,N/A,2023-09-27 00:00:00,31.93,32.03,32.95,31.68,47.451,0.06701,45618959,1472366861.22,-1.1724776303609856,32.41,SZ.002281
SZ.002281,N/A,2023-09-28 00:00:00,32.23,32.26,32.65,31.48,47.792,0.07164,48775987,1571778060.0,0.7180768029971804,32.03,SZ.002281
SZ.002281,N/A,2023-10-09 00:00:00,33.8,34.07,35.0,33.1,50.474,0.12587,85694558,2921851449.42,5.610663360198395,32.26,SZ.002281
SZ.002281,N/A,2023-10-10 00:00:00,34.07,33.72,34.6,33.4,49.955,0.07676,52262792,1770154619.67,-1.0272967420017651,34.07,SZ.002281
SZ.002281,N/A,2023-10-11 00:00:00,33.37,33.4,34.36,33.01,49.481,0.06318,43011052,1446083712.13,-0.9489916963226581,33.72,SZ.002281
SZ.002281,N/A,2023-10-12 00:00:00,33.55,32.86,33.76,32.55,48.681,0.04816,32789567,1079786343.62,-1.616766467065866,33.4,SZ.002281
SZ.002281,N/A,2023-10-13 00:00:00,32.5,32.02,32.82,31.96,47.437,0.04763,32425573,1046685416.2,-2.5562994522215345,32.86,SZ.002281
SZ.002281,N/A,2023-10-16 00:00:00,32.03,32.34,33.38,31.93,47.911,0.05852,39839577,1298555907.43,0.9993753903810126,32.02,SZ.002281
SZ.002281,N/A,2023-10-17 00:00:00,32.34,31.74,32.41,30.88,47.022,0.04602,31329909,987425983.24,-1.855287569573299,32.34,SZ.002281
SZ.002281,N/A,2023-10-18 00:00:00,31.06,30.73,31.37,29.52,45.525,0.04459,30358914,929079410.93,-3.1821045998739703,31.74,SZ.002281
SZ.002281,N/A,2023-10-19 00:00:00,30.34,29.99,30.97,29.9,44.429,0.03813,25962889,788541979.25,-2.4080702896192707,30.73,SZ.002281
SZ.002281,N/A,2023-10-20 00:00:00,29.4,28.15,30.15,28.08,41.703,0.05186,35308485,1016615333.38,-6.135378459486495,29.99,SZ.002281
SZ.002281,N/A,2023-10-23 00:00:00,27.73,26.61,28.28,26.3,39.422,0.04173,28709328,776330216.69,-5.470692717584367,28.15,SZ.002281
SZ.002281,N/A,2023-10-24 00:00:00,26.87,27.19,27.96,26.71,40.281,0.04326,29758117,815053482.33,2.179631717399481,26.61,SZ.002281
SZ.002281,N/A,2023-10-25 00:00:00,27.39,26.76,27.94,26.57,39.644,0.04835,33261834,906811106.11,-1.581463773446119,27.19,SZ.002281
SZ.002281,N/A,2023-10-26 00:00:00,26.32,29.44,29.44,26.0,43.614,0.1012,69619465,1997752951.44,10.014947683109117,26.76,SZ.002281
SZ.002281,N/A,2023-10-27 00:00:00,29.44,28.79,29.45,28.62,42.651,0.07277,50062340,1448079265.03,-2.2078804347826155,29.44,SZ.002281
SZ.002281,N/A,2023-10-30 00:00:00,28.28,28.45,28.59,27.81,42.148,0.04858,33419462,943595903.33,-1.1809656130600898,28.79,SZ.002281
SZ.002281,N/A,2023-10-31 00:00:00,28.45,26.86,28.45,26.5,40.209,0.07976,60284242,1630256515.2,-5.588752196836555,28.45,SZ.002281
SZ.002281,N/A,2023-11-01 00:00:00,26.8,27.23,28.09,26.41,40.763,0.07188,54327461,1473390795.1,1.377513030528671,26.86,SZ.002281
SZ.002281,N/A,2023-11-02 00:00:00,28.1,26.76,28.45,26.65,40.059,0.06318,47747393,1309157787.78,-1.7260374586852694,27.23,SZ.002281
SZ.002281,N/A,2023-11-03 00:00:00,26.52,27.23,27.93,26.51,40.763,0.05966,45092460,1235014032.93,1.7563527653213709,26.76,SZ.002281
SZ.002281,N/A,2023-11-06 00:00:00,27.31,28.1,28.45,27.31,42.065,0.06171,46635960,1306262683.37,3.195005508630191,27.23,SZ.002281
SZ.002281,N/A,2023-11-07 00:00:00,28.0,29.85,30.37,27.7,44.685,0.10281,77705153,2253064010.85,6.227758007117437,28.1,SZ.002281
SZ.002281,N/A,2023-11-08 00:00:00,29.79,30.12,30.2,29.07,45.089,0.08441,63793486,1892916411.34,0.9045226130653252,29.85,SZ.002281
SZ.002281,N/A,2023-11-09 00:00:00,29.97,29.69,30.65,29.31,44.446,0.0589,44517351,1330490388.4,-1.4276228419654706,30.12,SZ.002281
SZ.002281,N/A,2023-11-10 00:00:00,29.46,29.29,30.14,29.19,43.847,0.03819,28859670,851292612.43,-1.3472549680027015,29.69,SZ.002281
SZ.002281,N/A,2023-11-13 00:00:00,29.7,29.83,30.16,29.51,44.655,0.05321,40217296,1200315073.23,1.8436326391259787,29.29,SZ.002281
SZ.002281,N/A,2023-11-14 00:00:00,29.7,29.8,30.05,29.5,44.61,0.04129,31205694,928845021.12,-0.10056989607776597,29.83,SZ.002281
SZ.002281,N/A,2023-11-15 00:00:00,30.09,29.64,30.2,29.25,44.371,0.04102,31003768,917542803.59,-0.5369127516778528,29.8,SZ.002281
SZ.002281,N/A,2023-11-16 00:00:00,29.31,28.77,29.54,28.77,43.068,0.03777,28543485,831491594.14,-2.9352226720647807,29.64,SZ.002281
SZ.002281,N/A,2023-11-17 00:00:00,28.69,29.63,29.75,28.66,44.356,0.04719,35662681,1042369078.32,2.989224887035104,28.77,SZ.002281
SZ.002281,N/A,2023-11-20 00:00:00,29.43,29.23,29.59,28.94,43.757,0.03598,27196209,795401903.4,-1.34998312521093,29.63,SZ.002281
SZ.002281,N/A,2023-11-21 00:00:00,29.34,29.57,30.15,29.12,44.266,0.05779,43676765,1294251883.22,1.1631885049606563,29.23,SZ.002281
SZ.002281,N/A,2023-11-22 00:00:00,29.24,27.82,29.24,27.82,41.646,0.05484,41450138,1177827258.83,-5.918160297598918,29.57,SZ.002281
SZ.002281,N/A,2023-11-23 00:00:00,27.7,27.96,28.08,27.53,41.856,0.02544,19227985,535310900.14,0.503235082674337,27.82,SZ.002281
SZ.002281,N/A,2023-11-24 00:00:00,28.0,27.05,28.05,26.85,40.494,0.03044,23005355,627367476.15,-3.2546494992846924,27.96,SZ.002281
SZ.002281,N/A,2023-11-27 00:00:00,26.88,27.32,27.68,26.8,40.959,0.02878,21748596,593217764.3,0.9981515711645086,27.05,SZ.002281
SZ.002281,N/A,2023-11-28 00:00:00,27.32,27.14,27.33,26.79,40.689,0.02033,15361527,415411931.67,-0.6588579795021952,27.32,SZ.002281
SZ.002281,N/A,2023-11-29 00:00:00,27.2,27.03,27.47,26.94,40.524,0.02233,16875465,458864189.39,-0.4053058216654364,27.14,SZ.002281
SZ.002281,N/A,2023-11-30 00:00:00,26.85,27.34,27.34,26.64,40.989,0.02481,18752747,506263731.81,1.1468738438771686,27.03,SZ.002281
SZ.002281,N/A,2023-12-01 00:00:00,27.4,30.07,30.07,27.3,45.082,0.13826,104489896,3068723816.33,9.985369422092175,27.34,SZ.002281
SZ.002281,N/A,2023-12-04 00:00:00,30.5,31.21,32.1,29.88,46.791,0.14587,110247317,3412619201.64,3.7911539740605273,30.07,SZ.002281
SZ.002281,N/A,2023-12-05 00:00:00,31.16,29.61,31.39,29.6,44.392,0.07987,60363187,1830370161.69,-5.1265619993591836,31.21,SZ.002281
SZ.002281,N/A,2023-12-06 00:00:00,29.5,29.46,30.02,28.98,44.167,0.05472,41354596,1219030876.63,-0.506585612968587,29.61,SZ.002281
SZ.002281,N/A,2023-12-07 00:00:00,29.36,29.65,30.12,29.36,44.452,0.07275,54979094,1639713692.5,0.6449422946367879,29.46,SZ.002281
SZ.002281,N/A,2023-12-08 00:00:00,29.9,31.74,32.6,29.68,47.586,0.13125,99195497,3102476816.16,7.048903878583474,29.65,SZ.002281
HK.07552,N/A,2023-08-30 00:00:00,5.3,5.61,5.65,5.3,0.0,0.38212,95453900,523127683.0,1.7225747960108913,5.515,HK.07552
HK.07552,N/A,2023-08-31 00:00:00,5.55,5.655,5.72,5.425,0.0,0.40725,101730200,566739976.0,0.8021390374331537,5.61,HK.07552
HK.07552,N/A,2023-09-04 00:00:00,5.445,5.34,5.51,5.305,0.0,0.4884,131771400,708936568.0,-5.570291777188335,5.655,HK.07552
HK.07552,N/A,2023-09-05 00:00:00,5.395,5.615,5.625,5.39,0.0,0.40036,109298400,600375349.0,5.1498127340824045,5.34,HK.07552
HK.07552,N/A,2023-09-06 00:00:00,5.69,5.66,5.8,5.62,0.0,0.42518,116073500,662505223.0,0.8014247551202124,5.615,HK.07552
HK.07552,N/A,2023-09-07 00:00:00,5.66,5.87,5.9,5.66,0.0,0.40538,116991600,681677495.0,3.710247349823321,5.66,HK.07552
HK.07552,N/A,2023-09-11 00:00:00,6.115,5.905,6.185,5.82,0.0,0.40155,115886300,697848909.0,0.5962521294718933,5.87,HK.07552
HK.07552,N/A,2023-09-12 00:00:00,5.98,5.965,6.06,5.815,0.0,0.29807,86022400,511187702.0,1.016088060965277,5.905,HK.07552
HK.07552,N/A,2023-09-13 00:00:00,5.87,6.03,6.075,5.85,0.0,0.18327,52891100,317144724.0,1.0896898575021021,5.965,HK.07552
HK.07552,N/A,2023-09-14 00:00:00,5.96,5.96,6.065,5.885,0.0,0.21045,58716700,350625985.0,-1.1608623548922103,6.03,HK.07552
HK.07552,N/A,2023-09-15 00:00:00,5.9,5.92,6.05,5.755,0.0,0.32925,91859500,538243670.0,-0.671140939597316,5.96,HK.07552
HK.07552,N/A,2023-09-18 00:00:00,6.05,6.185,6.185,5.965,0.0,0.26565,74115500,450375355.0,4.4763513513513455,5.92,HK.07552
HK.07552,N/A,2023-09-19 00:00:00,6.14,6.2,6.315,6.135,0.0,0.31787,88686400,553296363.0,0.2425222312045363,6.185,HK.07552
HK.07552,N/A,2023-09-20 00:00:00,6.27,6.39,6.435,6.255,0.0,0.26903,75060200,476336975.0,3.06451612903225,6.2,HK.07552
HK.07552,N/A,2023-09-21 00:00:00,6.46,6.64,6.7,6.46,0.0,0.33589,79874200,528553463.0,3.912363067292645,6.39,HK.07552
HK.07552,N/A,2023-09-22 00:00:00,6.74,6.13,6.74,6.12,0.0,0.64239,152761400,981940012.0,-7.680722891566262,6.64,HK.07552
HK.07552,N/A,2023-09-25 00:00:00,6.19,6.485,6.5,6.19,0.0,0.29166,63057100,402791064.0,5.791190864600333,6.13,HK.07552
HK.07552,N/A,2023-09-26 00:00:00,6.505,6.695,6.77,6.47,0.0,0.5146,111256700,737593636.0,3.238242097147262,6.485,HK.07552
HK.07552,N/A,2023-09-27 00:00:00,6.675,6.65,6.69,6.455,0.0,0.40516,95213600,626088829.0,-0.6721433905899915,6.695,HK.07552
HK.07552,N/A,2023-09-28 00:00:00,6.68,6.83,6.895,6.61,0.0,0.20909,45373500,308473693.0,2.7067669172932285,6.65,HK.07552
HK.07552,N/A,2023-09-29 00:00:00,6.695,6.33,6.72,6.195,0.0,0.46996,98785200,632723434.0,-7.320644216691069,6.83,HK.07552
HK.07552,N/A,2023-10-03 00:00:00,6.51,6.685,6.75,6.51,0.0,0.32994,67901300,452759039.0,5.608214849921004,6.33,HK.07552
HK.07552,N/A,2023-10-04 00:00:00,6.73,6.9,6.96,6.725,0.0,0.28974,59628700,409434953.0,3.216155572176526,6.685,HK.07552
HK.07552,N/A,2023-10-05 00:00:00,6.8,6.89,6.905,6.695,0.0,0.19075,37424800,254058317.0,-0.14492753623189383,6.9,HK.07552
HK.07552,N/A,2023-10-06 00:00:00,6.71,6.655,6.75,6.555,0.0,0.38556,75646400,502273887.0,-3.410740203193025,6.89,HK.07552
HK.07552,N/A,2023-10-09 00:00:00,6.615,6.65,6.73,6.515,0.0,0.21361,41909500,277776874.0,-0.07513148009015617,6.655,HK.07552
HK.07552,N/A,2023-10-10 00:00:00,6.5,6.45,6.5,6.255,0.0,0.45283,88846200,567414898.0,-3.0075187969924837,6.65,HK.07552
HK.07552,N/A,2023-10-11 00:00:00,6.19,6.18,6.255,6.1,0.0,0.48904,95948800,592891933.0,-4.1860465116279135,6.45,HK.07552
HK.07552,N/A,2023-10-12 00:00:00,5.945,5.99,6.035,5.92,0.0,0.37251,73086800,437405526.0,-3.074433656957921,6.18,HK.07552
HK.07552,N/A,2023-10-13 00:00:00,6.33,6.43,6.44,6.235,0.0,0.37419,78204900,494375134.0,7.345575959933213,5.99,HK.07552
HK.07552,N/A,2023-10-16 00:00:00,6.44,6.655,6.695,6.385,0.0,0.21992,46226700,303986321.0,3.4992223950233368,6.43,HK.07552
HK.07552,N/A,2023-10-17 00:00:00,6.48,6.555,6.65,6.48,0.0,0.21466,45636797,299407506.0,-1.5026296018031635,6.655,HK.07552
HK.07552,N/A,2023-10-18 00:00:00,6.64,6.755,6.79,6.605,0.0,0.31026,65960660,442459369.0,3.0511060259344043,6.555,HK.07552
HK.07552,N/A,2023-10-19 00:00:00,6.99,7.05,7.065,6.925,0.0,0.28177,59905000,420041246.0,4.367135455218356,6.755,HK.07552
HK.07552,N/A,2023-10-20 00:00:00,7.175,7.19,7.195,7.005,0.0,0.27403,57053843,405362122.0,1.9858156028368874,7.05,HK.07552
HK.07552,N/A,2023-10-24 00:00:00,7.26,7.33,7.475,7.135,0.0,0.33139,65416900,476813465.0,1.947148817802499,7.19,HK.07552
HK.07552,N/A,2023-10-25 00:00:00,6.73,7.035,7.155,6.635,0.0,0.56798,107802000,738711532.0,-4.024556616643928,7.33,HK.07552
HK.07552,N/A,2023-10-26 00:00:00,7.11,6.995,7.165,6.885,0.0,0.47255,82886000,584116197.0,-0.5685856432125094,7.035,HK.07552
HK.07552,N/A,2023-10-27 00:00:00,6.88,6.63,6.98,6.555,0.0,0.69655,122174000,820926527.0,-5.218012866333098,6.995,HK.07552
HK.07552,N/A,2023-10-30 00:00:00,6.775,6.48,6.78,6.48,0.0,0.53836,94428000,621959736.0,-2.262443438914019,6.63,HK.07552
HK.07552,N/A,2023-10-31 00:00:00,6.52,6.78,6.835,6.52,0.0,0.48214,84566600,569171014.0,4.629629629629626,6.48,HK.07552
HK.07552,N/A,2023-11-01 00:00:00,6.78,6.82,6.965,6.715,0.0,0.31538,62635400,429008151.0,0.5899705014749268,6.78,HK.07552
HK.07552,N/A,2023-11-02 00:00:00,6.6,6.62,6.675,6.38,0.0,0.40926,87990600,573661543.0,-2.9325513196480966,6.82,HK.07552
HK.07552,N/A,2023-11-03 00:00:00,6.42,6.16,6.51,6.145,0.0,0.63247,135980800,855825581.0,-6.948640483383685,6.62,HK.07552
HK.07552,N/A,2023-11-06 00:00:00,5.92,5.68,5.92,5.655,0.0,0.65983,141863500,814762241.0,-7.792207792207799,6.16,HK.07552
HK.07552,N/A,2023-11-07 00:00:00,5.8,5.815,5.86,5.69,0.0,0.59848,128673900,745596386.0,2.376760563380294,5.68,HK.07552
HK.07552,N/A,2023-11-08 00:00:00,5.815,5.9,5.935,5.69,0.0,0.41854,91659300,533516957.0,1.4617368873602745,5.815,HK.07552
HK.07552,N/A,2023-11-09 00:00:00,5.78,5.87,5.945,5.745,0.0,0.24482,69674700,408241991.0,-0.5084745762711906,5.9,HK.07552
HK.07552,N/A,2023-11-10 00:00:00,6.08,6.285,6.295,6.08,0.0,0.2913,82904600,514111110.0,7.0698466780238505,5.87,HK.07552
HK.07552,N/A,2023-11-13 00:00:00,6.19,5.99,6.28,5.955,0.0,0.26157,74443300,456330178.0,-4.693715194908512,6.285,HK.07552
HK.07552,N/A,2023-11-14 00:00:00,5.935,6.07,6.125,5.905,0.0,0.21918,55628200,335680748.0,1.335559265442405,5.99,HK.07552
HK.07552,N/A,2023-11-15 00:00:00,5.655,5.55,5.82,5.545,0.0,0.51744,128221300,727921294.0,-8.566721581548608,6.07,HK.07552
HK.07552,N/A,2023-11-16 00:00:00,5.48,5.755,5.855,5.48,0.0,0.53473,132506100,756964815.0,3.693693693693695,5.55,HK.07552
HK.07552,N/A,2023-11-17 00:00:00,6.0,5.95,6.03,5.855,0.0,0.43726,108352100,645386223.0,3.388357949609041,5.755,HK.07552
HK.07552,N/A,2023-11-20 00:00:00,5.85,5.665,5.89,5.655,0.0,0.36285,100074800,574735010.0,-4.789915966386557,5.95,HK.07552
HK.07552,N/A,2023-11-21 00:00:00,5.52,5.795,5.825,5.45,0.0,0.44747,118042200,663219542.0,2.29479258605472,5.665,HK.07552
HK.07552,N/A,2023-11-22 00:00:00,5.79,5.805,5.875,5.695,0.0,0.40143,105897700,614126073.0,0.17256255392579442,5.795,HK.07552
HK.07552,N/A,2023-11-23 00:00:00,5.825,5.56,5.835,5.54,0.0,0.45957,121234000,690127510.0,-4.220499569336781,5.805,HK.07552
HK.07552,N/A,2023-11-24 00:00:00,5.65,5.8,5.82,5.65,0.0,0.29569,79304000,455788689.0,4.316546762589932,5.56,HK.07552
HK.07552,N/A,2023-11-27 00:00:00,5.74,5.8,5.955,5.73,0.0,0.33012,88538700,518536559.0,0.0,5.8,HK.07552
HK.07552,N/A,2023-11-28 00:00:00,5.78,5.875,5.935,5.76,0.0,0.28452,79835100,466786899.0,1.2931034482758652,5.8,HK.07552
HK.07552,N/A,2023-11-29 00:00:00,5.855,6.15,6.225,5.855,0.0,0.36448,90754700,553011543.0,4.6808510638297935,5.875,HK.07552
HK.07552,N/A,2023-11-30 00:00:00,6.18,6.185,6.335,6.12,0.0,0.3038,75645100,471872770.0,0.5691056910568983,6.15,HK.07552
HK.07552,N/A,2023-12-01 00:00:00,6.235,6.42,6.445,6.235,0.0,0.33784,76285000,484471903.0,3.7995149555375964,6.185,HK.07552
HK.07552,N/A,2023-12-04 00:00:00,6.41,6.65,6.7,6.36,0.0,0.27071,56470500,370126036.0,3.5825545171339632,6.42,HK.07552
HK.07552,N/A,2023-12-05 00:00:00,6.7,6.95,7.06,6.7,0.0,0.37771,75014000,519130808.0,4.5112781954887184,6.65,HK.07552
HK.07552,N/A,2023-12-06 00:00:00,6.845,6.7,6.99,6.575,0.0,0.40286,71951200,485253151.0,-3.597122302158273,6.95,HK.07552
HK.07552,N/A,2023-12-07 00:00:00,6.77,6.78,6.96,6.755,0.0,0.58517,100532500,690594773.0,1.1940298507462697,6.7,HK.07552
HK.07552,N/A,2023-12-08 00:00:00,6.76,6.83,6.95,6.68,0.0,0.33882,55091900,376255281.0,0.7374631268436552,6.78,HK.07552
HK.00700,N/A,2023-08-30 00:00:00,333.8,325.8,334.0,325.0,14.774,0.00159,15190035,4992667676.0,-1.0928961748633776,329.4,HK.00700
HK.00700,N/A,2023-08-31 00:00:00,331.0,325.0,331.8,322.0,14.737,0.0052,49737237,16198347014.0,-0.24554941682013853,325.8,HK.00700
HK.00700,N/A,2023-09-04 00:00:00,330.0,333.4,334.6,328.4,15.118,0.00322,30748869,10160809676.0,2.5846153846153777,325.0,HK.00700
HK.00700,N/A,2023-09-05 00:00:00,332.0,329.0,335.0,327.4,14.919,0.00139,13250752,4370874310.0,-1.3197360527894353,333.4,HK.00700
HK.00700,N/A,2023-09-06 00:00:00,329.0,327.6,329.0,323.2,14.855,0.00173,16488562,5381303850.0,-0.4255319148936101,329.0,HK.00700
HK.00700,N/A,2023-09-07 00:00:00,326.6,321.6,327.2,320.2,14.583,0.00175,16724228,5391223905.0,-1.8315018315018312,327.6,HK.00700
HK.00700,N/A,2023-09-11 00:00:00,315.4,324.0,325.4,315.4,14.692,0.00197,18808064,6040944631.0,0.7462686567164107,321.6,HK.00700
HK.00700,N/A,2023-09-12 00:00:00,328.0,322.0,328.0,319.8,14.601,0.00109,10399333,3355116160.0,-0.6172839506172839,324.0,HK.00700
HK.00700,N/A,2023-09-13 00:00:00,326.0,320.2,326.0,319.0,14.52,0.00112,10662703,3421558267.0,-0.5590062111801277,322.0,HK.00700
HK.00700,N/A,2023-09-14 00:00:00,322.4,319.8,322.6,318.4,14.502,0.00106,10153112,3249440578.0,-0.12492192379761939,320.2,HK.00700
HK.00700,N/A,2023-09-15 00:00:00,320.0,317.2,321.8,317.0,14.384,0.00201,19218155,6120466277.0,-0.8130081300813078,319.8,HK.00700
HK.00700,N/A,2023-09-18 00:00:00,317.2,312.2,319.0,312.2,14.157,0.00154,14736625,4644323052.0,-1.5762925598991173,317.2,HK.00700
HK.00700,N/A,2023-09-19 00:00:00,312.8,312.4,314.8,308.8,14.166,0.00163,15579978,4858993927.0,0.06406149903907388,312.2,HK.00700
HK.00700,N/A,2023-09-20 00:00:00,312.6,309.2,312.6,308.0,14.021,0.00143,13663748,4232881515.0,-1.0243277848911616,312.4,HK.00700
HK.00700,N/A,2023-09-21 00:00:00,306.8,303.0,308.4,302.0,13.74,0.002,19116385,5800506675.0,-2.005174644243205,309.2,HK.00700
HK.00700,N/A,2023-09-22 00:00:00,302.0,313.6,314.0,300.2,14.22,0.00222,21236877,6532964150.0,3.498349834983506,303.0,HK.00700
HK.00700,N/A,2023-09-25 00:00:00,311.4,304.4,311.6,303.2,13.803,0.00192,18307015,5598702553.0,-2.9336734693877693,313.6,HK.00700
HK.00700,N/A,2023-09-26 00:00:00,301.0,300.0,303.6,298.2,13.604,0.00167,15924558,4792868840.0,-1.4454664914585997,304.4,HK.00700
HK.00700,N/A,2023-09-27 00:00:00,298.0,302.0,304.2,298.0,13.694,0.00149,14203461,4279249839.0,0.6666666666666667,300.0,HK.00700
HK.00700,N/A,2023-09-28 00:00:00,301.8,297.4,302.6,296.4,13.486,0.00163,15604031,4656643911.0,-1.5231788079470274,302.0,HK.00700
HK.00700,N/A,2023-09-29 00:00:00,297.6,306.2,308.4,297.2,13.885,0.00118,11252646,3427495227.0,2.9589778076664466,297.4,HK.00700
HK.00700,N/A,2023-10-03 00:00:00,302.0,300.6,302.0,296.4,13.59,0.00159,15122710,4529560053.0,-1.8288700195950247,306.2,HK.00700
HK.00700,N/A,2023-10-04 00:00:00,299.8,297.6,300.0,295.4,13.455,0.00115,10942209,3255192428.0,-0.998003992015968,300.6,HK.00700
HK.00700,N/A,2023-10-05 00:00:00,299.8,299.8,303.6,298.6,13.554,0.00113,10801914,3248496149.0,0.7392473118279531,297.6,HK.00700
HK.00700,N/A,2023-10-06 00:00:00,303.8,305.2,307.4,301.8,13.798,0.00116,11076858,3377586513.0,1.8012008005336815,299.8,HK.00700
HK.00700,N/A,2023-10-09 00:00:00,305.4,307.0,308.8,302.0,13.88,0.0012,11396304,3494379463.0,0.5897771952817862,305.2,HK.00700
HK.00700,N/A,2023-10-10 00:00:00,308.0,308.2,314.8,306.0,13.934,0.00173,16445252,5092537962.0,0.39087947882735785,307.0,HK.00700
HK.00700,N/A,2023-10-11 00:00:00,314.0,311.0,314.6,310.4,14.06,0.00172,16424531,5127315924.0,0.9085009733939038,308.2,HK.00700
HK.00700,N/A,2023-10-12 00:00:00,316.6,316.6,317.2,314.8,14.314,0.00141,13451541,4253651016.0,1.8006430868167274,311.0,HK.00700
HK.00700,N/A,2023-10-13 00:00:00,312.8,306.8,313.0,305.4,13.871,0.0014,13367440,4126234792.0,-3.095388502842707,316.6,HK.00700
HK.00700,N/A,2023-10-16 00:00:00,308.8,301.2,308.8,300.2,13.617,0.00131,12452816,3763941347.0,-1.825293350717087,306.8,HK.00700
HK.00700,N/A,2023-10-17 00:00:00,304.6,302.2,304.6,300.0,13.663,0.00097,9202480,2778330474.0,0.33200531208499334,301.2,HK.00700
HK.00700,N/A,2023-10-18 00:00:00,300.2,300.0,301.6,297.4,13.563,0.00126,12001017,3597465826.0,-0.7279947054930472,302.2,HK.00700
HK.00700,N/A,2023-10-19 00:00:00,295.4,291.2,297.6,291.2,13.165,0.00181,17216427,5071175711.0,-2.933333333333337,300.0,HK.00700
HK.00700,N/A,2023-10-20 00:00:00,287.4,289.0,290.2,286.2,13.066,0.00202,19212180,5532516610.0,-0.7554945054945016,291.2,HK.00700
HK.00700,N/A,2023-10-24 00:00:00,287.0,283.0,289.8,282.6,12.795,0.00227,21619960,6162879368.0,-2.0761245674740483,289.0,HK.00700
HK.00700,N/A,2023-10-25 00:00:00,292.4,287.8,296.4,285.2,13.012,0.00184,17506229,5096837025.0,1.696113074204951,283.0,HK.00700
HK.00700,N/A,2023-10-26 00:00:00,286.8,287.6,290.2,283.0,13.002,0.0012,11446711,3278486902.0,-0.0694927032661531,287.8,HK.00700
HK.00700,N/A,2023-10-27 00:00:00,287.6,292.8,294.6,287.0,13.238,0.00173,16455031,4795573277.0,1.8080667593880348,287.6,HK.00700
HK.00700,N/A,2023-10-30 00:00:00,291.6,295.4,297.8,290.8,13.355,0.00151,14357754,4228011953.0,0.8879781420764911,292.8,HK.00700
HK.00700,N/A,2023-10-31 00:00:00,295.4,289.2,295.4,288.0,13.075,0.00144,13727382,3984600481.0,-2.098849018280294,295.4,HK.00700
HK.00700,N/A,2023-11-01 00:00:00,288.8,287.0,290.0,284.4,12.975,0.00116,11006036,3157915344.0,-0.760719225449512,289.2,HK.00700
HK.00700,N/A,2023-11-02 00:00:00,290.0,288.6,294.2,286.8,13.048,0.0011,10477412,3037345195.0,0.5574912891986141,287.0,HK.00700
HK.00700,N/A,2023-11-03 00:00:00,292.2,302.6,304.2,291.4,13.681,0.00226,21575201,6455647414.0,4.85100485100485,288.6,HK.00700
HK.00700,N/A,2023-11-06 00:00:00,309.8,312.6,314.2,307.2,14.133,0.00282,26863379,8358214297.0,3.304692663582286,302.6,HK.00700
HK.00700,N/A,2023-11-07 00:00:00,312.6,308.6,314.0,306.2,13.923,0.00141,13397743,4143070769.0,-1.2795905310300704,312.6,HK.00700
HK.00700,N/A,2023-11-08 00:00:00,309.4,308.4,314.6,307.4,13.914,0.00135,12879809,4001595292.0,-0.06480881399871856,308.6,HK.00700
HK.00700,N/A,2023-11-09 00:00:00,305.0,306.8,308.8,305.0,13.842,0.00108,10272208,3148081937.0,-0.5188067444876673,308.4,HK.00700
HK.00700,N/A,2023-11-10 00:00:00,304.6,302.8,304.6,301.2,13.661,0.00104,9871831,2987541086.0,-1.3037809647979137,306.8,HK.00700
HK.00700,N/A,2023-11-13 00:00:00,302.2,309.8,311.8,300.2,13.977,0.00143,13586029,4154169988.0,2.3117569352708056,302.8,HK.00700
HK.00700,N/A,2023-11-14 00:00:00,311.8,307.8,312.0,305.6,13.887,0.00131,12477388,3842261223.0,-0.6455777921239509,309.8,HK.00700
HK.00700,N/A,2023-11-15 00:00:00,316.6,322.6,323.6,314.0,14.555,0.00341,32454690,10350836032.0,4.808317089018846,307.8,HK.00700
HK.00700,N/A,2023-11-16 00:00:00,330.0,324.8,330.0,316.2,14.654,0.00371,35296026,11408055349.0,0.6819590824550492,322.6,HK.00700
HK.00700,N/A,2023-11-17 00:00:00,323.6,315.2,323.6,313.2,14.221,0.00231,21970164,6964405195.0,-2.9556650246305485,324.8,HK.00700
HK.00700,N/A,2023-11-20 00:00:00,316.2,326.6,328.8,316.2,14.735,0.00292,27782719,9006002433.0,3.616751269035544,315.2,HK.00700
HK.00700,N/A,2023-11-21 00:00:00,330.4,324.8,332.6,323.6,14.654,0.00254,24188659,7943866990.0,-0.5511328842620977,326.6,HK.00700
HK.00700,N/A,2023-11-22 00:00:00,328.0,324.4,330.0,322.0,14.636,0.00149,14169841,4616781447.0,-0.1231527093596164,324.8,HK.00700
HK.00700,N/A,2023-11-23 00:00:00,326.6,329.2,329.6,323.6,14.853,0.00153,14531153,4757635404.0,1.479654747225651,324.4,HK.00700
HK.00700,N/A,2023-11-24 00:00:00,329.6,321.2,329.6,320.0,14.492,0.0016,15236522,4930730514.0,-2.4301336573511545,329.2,HK.00700
HK.00700,N/A,2023-11-27 00:00:00,325.0,322.8,325.0,318.0,14.564,0.00129,12232068,3932052873.0,0.49813200498132715,321.2,HK.00700
HK.00700,N/A,2023-11-28 00:00:00,324.4,319.6,324.4,317.0,14.42,0.00159,15153725,4845979129.0,-0.9913258983890918,322.8,HK.00700
HK.00700,N/A,2023-11-29 00:00:00,323.0,317.0,324.0,313.6,14.303,0.00177,16856744,5350805912.0,-0.8135168961201573,319.6,HK.00700
HK.00700,N/A,2023-11-30 00:00:00,317.4,327.0,327.0,317.0,14.754,0.00319,30308092,9825334888.0,3.1545741324921135,317.0,HK.00700
HK.00700,N/A,2023-12-01 00:00:00,324.8,319.0,325.8,319.0,14.393,0.00159,15149684,4879489488.0,-2.4464831804281344,327.0,HK.00700
HK.00700,N/A,2023-12-04 00:00:00,323.0,316.8,324.2,315.2,14.294,0.00157,14907238,4757921362.0,-0.6896551724137895,319.0,HK.00700
HK.00700,N/A,2023-12-05 00:00:00,321.0,308.8,321.0,305.0,13.933,0.0025,23730039,7365272819.0,-2.525252525252525,316.8,HK.00700
HK.00700,N/A,2023-12-06 00:00:00,306.6,311.6,314.8,302.4,14.059,0.00167,15896242,4923099459.0,0.9067357512953403,308.8,HK.00700
HK.00700,N/A,2023-12-07 00:00:00,309.0,307.8,311.2,304.0,13.888,0.00144,13703651,4202919809.0,-1.2195121951219547,311.6,HK.00700
HK.00700,N/A,2023-12-08 00:00:00,307.4,305.6,309.2,301.0,13.788,0.00175,16600566,5058680831.0,-0.7147498375568514,307.8,HK.00700
